{
    "predictedClassCount": {
        "Iris-versicolor": 12,
        "Iris-setosa": 10,
        "Iris-virginica": 5
    },
    "probabilityDensities": {
        "Iris-versicolor": {
            "density": [
                0.8704675443714418,
                0.8716860862518163,
                0.8715989018156651,
                0.8702142754093652,
                0.8675470635777,
                0.8636186062839863,
                0.8584565886755944,
                0.8520948549716024,
                0.8445731765563391,
                0.8359369768380722,
                0.8262370158697231,
                0.8155290381221969,
                0.8038733871458654,
                0.7913345911475078,
                0.7779809237454653,
                0.7638839443423631,
                0.7491180226713077,
                0.7337598521273851,
                0.7178879564923184,
                0.7015821945976517,
                0.6849232673533802,
                0.6679922313976364,
                0.6508700234029984,
                0.6336369988108029,
                0.6163724884618115,
                0.5991543762553543,
                0.5820587006057681,
                0.565159282080831,
                0.5485273792083452,
                0.5322313740305955,
                0.516336488578266,
                0.5009045330318007,
                0.4859936859449281,
                0.4716583065275176,
                0.4579487786281824,
                0.44491138572543926,
                0.4325882159336923,
                0.421017095760058,
                0.4102315511126843,
                0.4002607938626208,
                0.39112973210078267,
                0.38285900210961454,
                0.37546501998570514,
                0.368960050804097,
                0.36335229320611434,
                0.35864597731840575,
                0.354841473969244,
                0.35193541325622735,
                0.3499208106342906,
                0.3487871988309393,
                0.3485207640532436,
                0.34910448512450487,
                0.35051827437376365,
                0.3527391192944071,
                0.35574122418514076,
                0.3594961511836066,
                0.36397296029620535,
                0.3691383482136359,
                0.37495678587698394,
                0.38139065492078367,
                0.38840038326462195,
                0.39594458025114104,
                0.4039801718336983,
                0.41246253639985453,
                0.42134564187605794,
                0.43058218479360166,
                0.4401237320058056,
                0.4499208657314913,
                0.45992333256070694,
                0.470080196996202,
                0.4803400000197521,
                0.4906509230676966,
                0.50096095767712,
                0.5112180809252886,
                0.5213704366329297,
                0.5313665221395969,
                0.5411553802897798,
                0.5506867960948412,
                0.5599114973616068,
                0.5687813584068998,
                0.5772496058118207,
                0.5852710250134713,
                0.5928021663882407,
                0.5998015493527299,
                0.606229862898663,
                0.6120501608891993,
                0.6172280503780916,
                0.6217318711719568,
                0.6255328648409099,
                0.6286053313949624,
                0.6309267718834392,
                0.6324780152422177,
                0.6332433278085412,
                0.6332105040444991,
                0.63237093715674,
                0.6307196684697823,
                0.6282554146011681,
                0.6249805716961658,
                0.6209011962047527,
                0.6160269619210579
            ],
            "median": 0.0
        },
        "Iris-virginica": {
            "density": [
                1.4596436852441297,
                1.4657142936488794,
                1.4685567062015468,
                1.4681738622247136,
                1.4645911550589519,
                1.4578559611695372,
                1.4480369126810921,
                1.4352229276922588,
                1.4195220166564675,
                1.4010598866246509,
                1.3799783681611082,
                1.3564336922075788,
                1.3305946460405162,
                1.302640638716246,
                1.2727597070169714,
                1.2411464929027631,
                1.208000222860774,
                1.1735227183571677,
                1.1379164648868125,
                1.1013827649384047,
                1.0641199976155233,
                1.0263220047507957,
                0.9881766201992643,
                0.9498643556787343,
                0.9115572531199523,
                0.8734179100762319,
                0.8355986813950929,
                0.7982410571418865,
                0.761475213748668,
                0.7254197325932127,
                0.6901814777367665,
                0.6558556223982105,
                0.6225258119405874,
                0.5902644497068815,
                0.5591330909697464,
                0.5291829295496134,
                0.500455361294352,
                0.47298260858130975,
                0.44678839027302847,
                0.4218886221002969,
                0.39829213322599727,
                0.3760013857235284,
                0.35501318484641065,
                0.3353193692328173,
                0.3169074715430208,
                0.2997613414335883,
                0.28386172419669753,
                0.26918678980631305,
                0.255712608488884,
                0.2434135702522498,
                0.23226274704408403,
                0.2222321973559874,
                0.21329321413064567,
                0.20541651776033337,
                0.19857239678187172,
                0.19273079957528622,
                0.18786138096278715,
                0.1839335080852953,
                0.1809162303111801,
                0.1787782182129329,
                0.17748767683963076,
                0.17701223862402088,
                0.17731884130056377,
                0.17837359618211376,
                0.1801416520547775,
                0.1825870598087357,
                0.1856726427324123,
                0.18935987716232297,
                0.19360878790433614,
                0.19837786252618106,
                0.2036239882674316,
                0.20930241492296847,
                0.215366746629919,
                0.2217689650271144,
                0.22845948576128494,
                0.23538724978711742,
                0.24249985035129026,
                0.24974369596699092,
                0.2570642090796645,
                0.26440605950255736,
                0.27171343106903423,
                0.2789303193159981,
                0.28600085738861475,
                0.2928696667515896,
                0.29948222871802893,
                0.3057852722755512,
                0.3117271732132511,
                0.31725835914465206,
                0.3223317146927257,
                0.32690298086432695,
                0.3309311425025196,
                0.3343787976740944,
                0.33721250293182065,
                0.33940308858992646,
                0.3409259384676302,
                0.3417612289870204,
                0.3418941230531071,
                0.34131491478738385,
                0.3400191219209008,
                0.3380075234651768
            ],
            "median": 0.0
        },