{
    "columns": [
        "Ancho de sepalo",
        "Largo de sepalo",
        "Largo de petalo",
        "Ancho de petalo"
    ],
    "shifts": [
        3.0365853658536586,
        5.8601626016260155,
        3.8146341463414632,
        1.2243902439024392
    ],
    "inv_scales": [
        2.2695505831893317,
        1.1947055383079315,
        0.5636315178055089,
        1.2900534294867796
    ]
}